T,MU_PARAM_C1,MU_PARAM_C2,MU_PARAM_C3,MU_PARAM_OBJ,MU_PARAM_I1,MU_PARAM_I2,MU_PARAM_I3,MU_PARAM_P1,MU_PARAM_P2
0.00186837,2.00729,4.01456,0.856224,12.2111,3.10925,4.50708,1.27001,2.73881,5.78898
3.03218,2.00267,4.00613,0.853226,12.1854,3.09883,4.5566,1.31485,3.01661,5.13062
6.05865,2.00721,3.99187,0.858371,12.2611,3.20287,5.10663,1.46481,2.81589,5.75626
9.08502,2.00291,3.98758,0.856901,12.2923,3.09222,4.93703,1.51299,3.25155,5.48439
12.1113,2.00391,4.01227,0.853488,12.2911,3.18284,5.28071,1.59015,3.11479,4.69313
15.1377,2.00628,3.9966,0.855286,12.205,3.08729,4.67275,1.36659,3.45438,5.62179
18.1641,2.00401,3.99877,0.857871,12.308,3.19077,4.98998,1.74978,3.06971,5.62703
21.1903,2.00314,4.00391,0.852416,12.1788,3.12282,5.20304,1.63681,2.61615,5.01434
24.2168,2.00506,3.98995,0.859467,12.2697,3.17991,4.80628,1.53449,3.38223,5.07473
27.2432,2.00287,3.98924,0.855526,12.2304,3.21881,5.15099,1.7243,3.0006,4.8335
30.2694,2.0037,3.99971,0.85065,12.308,3.2022,4.61347,1.71797,3.45077,5.66318
33.296,2.00623,4.00907,0.860831,12.2517,3.09674,4.84935,1.64455,2.91607,5.50075
36.3222,2.00479,4.0098,0.856371,12.2455,3.14054,5.19545,1.7498,2.74055,5.46071
39.3485,2.00528,4.00161,0.859345,12.2432,3.1447,4.61824,1.65081,2.51292,5.81285
42.3748,2.00448,4.00991,0.852257,12.2452,3.1235,4.95093,1.6321,3.18519,5.79519
45.4013,2.00643,4.00521,0.855735,12.2133,3.1967,4.87768,1.43997,2.81001,5.08813
48.4277,2.00397,4.01148,0.860077,12.2627,3.10736,5.45725,1.72285,3.03535,4.8557
51.4539,2.00617,3.99644,0.850005,12.3153,3.22121,5.08478,1.40267,2.91346,5.38518
54.4804,2.00538,3.99014,0.854739,12.1828,3.21419,4.52954,1.73241,3.20287,5.07723
57.5067,2.00614,3.98885,0.859073,12.3103,3.08669,5.2769,1.36216,2.76354,4.94024
60.533,2.00503,4.00499,0.858031,12.2447,3.19207,5.27654,1.7472,2.97047,4.64115
63.5594,2.00402,4.00764,0.860722,12.19,3.1814,5.29809,1.61661,2.66334,5.44774
66.5857,2.004,3.99811,0.856528,12.209,3.13031,5.21312,1.33329,3.10738,4.81707
69.6122,2.00724,4.00927,0.85957,12.2561,3.09396,4.73283,1.72911,3.46392,5.25679
72.6384,2.00617,3.98887,0.852264,12.3122,3.12648,4.56444,1.63605,2.64308,4.88387
75.6649,2.00748,4.00237,0.854325,12.2476,3.16893,4.52942,1.63863,3.36778,5.19649
78.6912,2.00533,3.99113,0.847959,12.2188,3.20234,5.3955,1.58911,3.13038,5.37995
81.7174,2.00296,3.99383,0.851567,12.2756,3.15698,5.49868,1.54679,3.30764,4.67305
84.7439,2.00489,4.00492,0.86189,12.2679,3.18468,5.2594,1.45809,3.23274,5.52211
87.7703,2.0063,4.00861,0.859985,12.2523,3.21857,5.02758,1.70326,2.57031,5.19197
90.7966,2.00292,3.98583,0.853457,12.2871,3.15738,4.69633,1.71892,2.51517,5.6162
93.8231,2.00624,3.99857,0.854788,12.3155,3.1952,5.27657,1.62338,3.00139,5.73986
96.8493,2.00407,4.00413,0.856316,12.2685,3.09027,5.21627,1.49088,3.2675,4.66478
99.8758,2.00616,3.99754,0.852912,12.319,3.11483,4.72586,1.29006,2.52653,4.6741
102.902,2.00516,3.98676,0.849521,12.3,3.11696,5.23312,1.59658,3.23912,4.86216
105.928,2.00351,3.98809,0.852514,12.211,3.1521,5.11196,1.32403,3.21687,5.39254
108.955,2.00478,4.00915,0.856718,12.3172,3.22153,5.18035,1.74436,2.74008,5.42019
111.981,2.0074,3.9933,0.859419,12.1937,3.12792,5.27093,1.59443,3.42048,4.95083
115.008,2.00748,4.01372,0.86044,12.2421,3.08925,4.52883,1.53673,2.78447,5.52159
118.034,2.00689,3.99191,0.851206,12.3132,3.11203,5.29278,1.28386,2.50259,5.73142
121.06,2.0037,4.00536,0.852349,12.3073,3.18717,4.95732,1.44348,2.75379,5.23911
124.087,2.00695,3.98633,0.852358,12.2321,3.12257,4.61617,1.50593,3.20486,4.96037
127.113,2.00267,4.00302,0.857245,12.2391,3.21423,4.50195,1.54916,3.45489,5.8112
130.139,2.00487,3.99467,0.853162,12.2454,3.22051,5.22833,1.39,3.46155,4.74187
133.166,2.00382,4.00547,0.853963,12.2546,3.18117,4.68766,1.5102,2.90956,4.73129
136.192,2.00557,4.00143,0.862317,12.1876,3.08349,5.1796,1.29472,3.39308,5.31123
139.218,2.00272,3.98562,0.854219,12.2954,3.17658,4.6308,1.649,3.35151,5.44502
142.245,2.0051,3.98591,0.855773,12.2253,3.13541,5.44044,1.70819,2.62349,4.72019
145.271,2.00453,4.00345,0.860093,12.2395,3.13721,4.62324,1.26719,2.68293,5.27135
148.297,2.00615,4.00693,0.859486,12.2826,3.12371,4.83531,1.64701,3.05,5.45004
151.324,2.00699,4.00435,0.859073,12.2191,3.22062,5.37987,1.38605,2.56272,5.77865
154.35,2.0038,4.01222,0.848548,12.1754,3.13922,4.80053,1.26758,3.19341,5.0125
157.377,2.00347,3.99922,0.862075,12.2927,3.17057,4.63783,1.52071,3.31081,5.57307
160.403,2.00317,4.00364,0.853544,12.2364,3.09944,4.68122,1.73757,2.95057,4.74383
163.429,2.00745,4.01365,0.856877,12.2726,3.19397,4.93604,1.58986,2.80169,5.45599
166.456,2.00268,3.98847,0.85929,12.2378,3.20486,4.60117,1.52304,3.14153,5.17668
169.482,2.00408,3.988,0.85284,12.2623,3.15508,5.23409,1.59053,3.49747,5.04283
172.508,2.00413,3.99473,0.854199,12.2306,3.12894,5.09666,1.62452,2.95785,4.96604
175.535,2.00496,3.99512,0.860249,12.2808,3.22022,5.42555,1.42596,2.57559,5.312
178.561,2.00302,4.01076,0.848697,12.2244,3.12316,4.71169,1.43074,2.82524,5.71208
181.587,2.00313,4.0006,0.851379,12.3227,3.1917,5.05876,1.27637,3.44809,4.76041
184.614,2.00453,4.01453,0.852132,12.2766,3.0789,4.75014,1.35318,3.03399,5.12381
187.64,2.00363,4.00821,0.861454,12.2522,3.21038,4.95701,1.56706,3.40691,5.34334
190.666,2.00438,4.00942,0.852965,12.2952,3.08848,5.12957,1.73543,3.45459,5.50691
193.693,2.00398,4.01076,0.860187,12.2037,3.20233,5.44344,1.27214,2.57602,5.65742
196.719,2.00361,3.99359,0.851183,12.2212,3.20394,5.09049,1.69075,2.91778,5.06484
199.745,2.00597,3.99563,0.849904,12.197,3.14078,5.07303,1.4801,3.44562,5.10422
202.772,2.00347,3.99894,0.861557,12.2152,3.21155,4.55503,1.28086,2.9615,4.70972
205.798,2.00377,4.01185,0.855943,12.1799,3.14838,4.85297,1.4199,3.4084,4.65647
208.825,2.0042,4.01143,0.853024,12.242,3.19552,4.56128,1.35193,2.53309,5.41122
211.851,2.00461,4.01179,0.849542,12.2317,3.19692,5.03764,1.27173,3.18189,5.24421
214.877,2.00638,4.00676,0.849523,12.2072,3.20389,5.10085,1.37949,3.04283,5.60974
217.904,2.00735,4.00794,0.857685,12.2688,3.15452,4.76731,1.70393,3.40737,5.07207
220.93,2.00384,3.98519,0.853069,12.3107,3.13291,4.83519,1.44596,3.29096,5.57828
223.956,2.00379,4.00175,0.855259,12.3117,3.11904,5.15613,1.26722,3.47612,5.25525
226.983,2.00332,3.98565,0.852977,12.3005,3.21122,5.11467,1.26413,2.68977,5.4004
230.009,2.00745,4.01204,0.856152,12.3225,3.22473,4.66404,1.58954,2.68368,5.57891
233.035,2.00538,4.01318,0.853569,12.3066,3.2097,4.74493,1.74297,3.43769,5.67866
236.062,2.0049,4.01326,0.852663,12.2381,3.15599,5.44596,1.62763,2.79275,5.49509
239.088,2.00427,4.00444,0.850879,12.3024,3.09397,5.39925,1.64454,3.3755,4.70787
242.114,2.00703,4.0076,0.861939,12.2834,3.20032,5.11714,1.43935,2.8385,5.40638
245.141,2.00492,3.98608,0.854627,12.2227,3.1916,4.59159,1.60869,3.12649,5.68316
248.167,2.00743,3.99908,0.849371,12.2399,3.16356,5.00216,1.70046,3.29105,5.18097
251.194,2.00598,4.01069,0.85507,12.199,3.19109,5.33537,1.70292,3.40871,4.95279
254.22,2.00703,4,0.86137,12.2334,3.15643,5.43763,1.41113,2.93969,4.9821
257.246,2.00427,3.99238,0.854365,12.1818,3.17508,4.70023,1.5669,3.16441,4.98101
260.273,2.00373,3.99799,0.85038,12.2857,3.11112,4.94897,1.3674,2.84132,5.43329
263.299,2.00505,3.99868,0.856049,12.1827,3.12311,4.72621,1.61399,2.52662,5.65707
266.325,2.00353,3.98527,0.853553,12.2951,3.18829,4.57656,1.30244,3.17657,5.7001
269.352,2.00491,4.00827,0.852757,12.2615,3.14689,4.50081,1.31265,2.85343,5.74929
272.378,2.00468,4.00887,0.856585,12.2673,3.19875,5.28066,1.54604,2.77427,5.69766
275.404,2.00425,3.99937,0.856521,12.2428,3.1394,4.92661,1.52155,2.89248,5.58637
278.431,2.00261,4.0128,0.856431,12.1821,3.08271,4.60775,1.42,2.80924,4.7532
281.457,2.0068,3.99191,0.852729,12.2433,3.18402,4.72743,1.58306,2.90955,5.71753
284.483,2.00435,4.00311,0.861226,12.2628,3.21428,4.7782,1.44258,3.23108,5.09365
287.51,2.00257,4.00329,0.858274,12.2389,3.1895,4.9535,1.55477,2.70809,5.56797
290.536,2.00381,4.00183,0.861319,12.3167,3.18173,4.88798,1.41726,3.139,4.76694
293.563,2.00678,3.98611,0.847604,12.2139,3.11788,5.21589,1.59899,3.26777,5.17633
296.589,2.00514,4.01216,0.854664,12.2841,3.18176,5.45468,1.39838,3.49308,4.80585
299.615,2.00265,4.00237,0.857094,12.2,3.1496,4.96854,1.63838,2.84217,4.69065
317.65,2.00342,4.0115,0.851978,12.263,3.07676,4.6406,1.25647,2.8,5.68761
320.675,2.0058,3.98642,0.855251,12.3191,3.12194,4.99838,1.48262,2.641,4.70479
323.701,2.00355,4.01004,0.850178,12.3018,3.14051,5.21211,1.51511,2.9197,4.72857
326.728,2.00691,4.00393,0.858551,12.2798,3.19281,5.42035,1.41461,2.84342,5.36571
329.754,2.00344,4.00228,0.847946,12.2937,3.15723,4.64698,1.25699,2.7506,5.04262
332.78,2.00556,3.99496,0.850479,12.2001,3.10955,5.4267,1.47847,3.06536,5.05515
335.807,2.00306,3.98824,0.861794,12.3164,3.15707,4.68284,1.59035,3.02134,5.10927
338.833,2.00719,3.98508,0.859549,12.3043,3.11798,4.55329,1.30401,3.22765,5.30549
341.859,2.00624,3.99058,0.857632,12.1834,3.21153,4.93447,1.38866,2.91971,4.63426
344.886,2.00599,3.9936,0.850035,12.2196,3.11718,4.72941,1.58428,2.62748,5.74831
347.912,2.00283,4.01137,0.849099,12.2066,3.21515,4.73568,1.25361,3.17449,4.97108
350.938,2.00591,4.0084,0.860511,12.2101,3.17438,5.06571,1.48474,3.37842,5.821
353.965,2.00484,3.99085,0.856204,12.2596,3.21145,4.50629,1.73699,2.52858,5.13877
356.991,2.00605,3.98713,0.856793,12.1921,3.10928,5.02976,1.48905,2.77035,5.57266
360.018,2.00381,4.00057,0.847701,12.2134,3.22067,4.51977,1.53396,2.59478,5.19428
363.044,2.00588,4.00574,0.854611,12.1919,3.10814,5.31591,1.74067,2.62833,5.12261
366.07,2.00286,4.0028,0.849946,12.2663,3.16068,5.02447,1.53136,3.39131,5.50124
369.097,2.00442,3.985,0.861295,12.3163,3.1434,4.85983,1.67658,3.10115,5.08902
372.123,2.0053,3.99279,0.848554,12.232,3.08673,4.59585,1.6622,2.61252,5.41814
375.149,2.00367,4.00832,0.860195,12.2288,3.08973,4.65395,1.73311,2.85566,5.21741
378.176,2.00353,4.00641,0.851901,12.2881,3.16504,5.2178,1.59532,3.07658,4.89803
381.202,2.00297,4.00843,0.861206,12.1948,3.1126,5.25761,1.47804,3.11296,5.63068
384.228,2.00502,3.99295,0.848328,12.2574,3.20143,5.3375,1.392,3.19804,5.21322
387.255,2.00666,3.98863,0.86166,12.2075,3.19654,4.8295,1.71436,2.98987,5.35066
390.281,2.00343,4.00701,0.853672,12.2146,3.08202,4.77806,1.4338,2.92627,5.80966
393.308,2.00305,4.00793,0.849972,12.2164,3.1779,4.9491,1.40949,2.5979,5.30755
396.334,2.00723,3.99047,0.86001,12.1793,3.22397,5.38883,1.70634,2.84688,4.83839
399.36,2.00686,3.99712,0.860551,12.1771,3.11298,5.30988,1.73016,2.95844,5.58171
402.387,2.00744,4.00887,0.861736,12.2007,3.22142,4.80763,1.66899,3.42344,5.43873
405.413,2.00578,3.98847,0.858521,12.1926,3.15317,5.40671,1.57097,2.70144,5.6764
408.439,2.00685,4.00307,0.855326,12.2826,3.22285,4.66198,1.59248,2.63365,4.9647
411.466,2.00434,3.99502,0.850835,12.2596,3.18205,5.2111,1.43753,2.82555,5.72335
414.492,2.00513,3.99365,0.852785,12.3053,3.21707,4.51033,1.70737,3.29733,5.11029
417.518,2.00659,3.99197,0.853829,12.1901,3.1637,4.90081,1.71971,3.28635,5.36816
420.545,2.00735,4.00051,0.85775,12.3183,3.13437,5.04593,1.41167,3.28775,4.89494
423.571,2.00311,3.99463,0.860395,12.3208,3.09576,4.89379,1.29031,3.25699,5.49392
426.598,2.00591,3.98572,0.850022,12.2959,3.21773,4.79643,1.65674,3.0136,5.01269
429.624,2.00419,4.0057,0.856543,12.2816,3.13777,4.83309,1.35369,3.38787,5.1752
432.65,2.00276,3.99109,0.858309,12.282,3.11503,4.61733,1.70934,2.84489,4.8449
435.677,2.003,4.014,0.858206,12.2606,3.11378,4.73317,1.44691,3.41866,5.44615
438.703,2.00638,4.00381,0.850443,12.3197,3.0826,5.23405,1.54424,3.28855,5.02149
441.729,2.00467,3.99814,0.84888,12.3089,3.15644,4.51564,1.27208,2.87928,5.57129
444.756,2.00717,4.01442,0.858321,12.2613,3.15515,4.79274,1.46532,2.6816,5.0211
447.782,2.00656,4.01435,0.849258,12.1778,3.08315,5.34634,1.64316,2.93515,5.42268
450.808,2.0074,4.0027,0.856552,12.2741,3.12361,5.13131,1.73123,2.95174,4.81153
453.835,2.00429,4.01359,0.855957,12.2825,3.14483,4.80485,1.3988,2.55637,5.72646
456.861,2.00386,3.99089,0.849092,12.1992,3.17785,4.57331,1.38791,2.67887,4.95204
459.887,2.00478,4.00043,0.858417,12.2852,3.12911,4.99245,1.72104,3.04826,4.94144
462.914,2.00727,3.99679,0.855163,12.3178,3.17429,5.43109,1.30831,2.52173,5.17744
465.94,2.00429,4.0096,0.860449,12.2385,3.09073,4.79722,1.36329,2.82277,4.73154
468.966,2.00553,4.0046,0.859407,12.2919,3.14732,5.48005,1.39011,2.86209,5.51629
471.993,2.00681,4.00657,0.860221,12.195,3.08046,4.58075,1.70677,2.66221,4.79771
475.019,2.0031,4.0087,0.849465,12.1936,3.13385,5.33762,1.32901,2.75902,4.80488
478.046,2.00717,4.01495,0.861907,12.3231,3.15779,4.7918,1.46859,3.2978,5.24667
481.072,2.00662,3.99695,0.857425,12.1893,3.08947,5.00376,1.70344,3.42132,5.67629
484.098,2.00631,4.00322,0.848778,12.2048,3.10504,4.71076,1.34373,2.94737,4.63808
487.124,2.00456,3.99769,0.85739,12.192,3.17032,5.4392,1.48563,3.17501,4.62094
490.151,2.00729,4.00802,0.854456,12.2219,3.18168,4.80074,1.58699,3.23623,5.34794
493.177,2.00715,3.99926,0.859978,12.3195,3.1811,4.82812,1.37549,3.37038,5.16169
496.204,2.00389,3.99689,0.848184,12.2478,3.18789,4.99832,1.67509,2.91153,5.03055
499.23,2.00429,4.00577,0.853933,12.1998,3.15614,4.9301,1.48432,3.00147,5.41549
502.256,2.003,4.01301,0.861639,12.1839,3.18269,5.41953,1.72296,2.53914,5.66574
505.283,2.00714,4.00391,0.851971,12.2884,3.08707,4.76657,1.39186,3.39888,5.52932
508.309,2.00484,3.99067,0.855066,12.2595,3.17765,4.80393,1.30725,2.73246,5.52153
511.335,2.00259,4.00723,0.850672,12.2388,3.09985,4.89122,1.49513,3.35107,4.86721
514.362,2.00599,4.00287,0.862101,12.2527,3.09571,5.14158,1.68767,2.95547,5.3042
517.388,2.0048,4.01128,0.862079,12.3131,3.1622,4.92166,1.32592,2.79483,5.3211
520.414,2.0043,3.99558,0.861195,12.3021,3.22371,5.25146,1.64366,2.73448,5.55421
523.441,2.00588,3.99041,0.84897,12.2075,3.22188,5.0444,1.40613,2.90318,4.96882
526.467,2.00343,4.00487,0.860181,12.1809,3.21928,4.53826,1.25494,2.98576,4.67155
529.494,2.00327,3.99373,0.858627,12.2032,3.21252,5.158,1.32888,3.43896,4.76626
532.52,2.00672,4.00166,0.856803,12.2404,3.20065,4.88871,1.38419,2.95154,5.65252
535.546,2.00436,3.99003,0.849681,12.2713,3.10844,4.50208,1.70483,2.85924,5.27808
538.573,2.00376,3.99443,0.849795,12.2189,3.08164,5.02477,1.36276,2.77731,5.48174
541.599,2.00679,4.01305,0.850474,12.2256,3.1089,4.7063,1.72507,2.80247,5.46274
544.625,2.00467,4.00666,0.859504,12.2539,3.09818,4.57953,1.42009,2.65007,5.58541
547.652,2.00695,4.00449,0.85648,12.1996,3.09358,4.61578,1.57072,2.68645,4.84625
550.678,2.00595,3.99211,0.851852,12.3127,3.17685,5.20596,1.52,3.30072,5.28831
553.704,2.00338,4.00399,0.860087,12.1933,3.15762,4.50106,1.65992,2.76255,4.98138
556.731,2.00515,3.98636,0.854271,12.2065,3.22056,4.67895,1.6629,3.09352,5.00524
559.757,2.00711,4.0003,0.8578,12.1768,3.12921,5.00228,1.66193,2.91265,5.63145
562.783,2.00567,3.99181,0.858255,12.2082,3.17687,5.1871,1.36244,2.93245,4.69574
565.81,2.00418,4.01029,0.857417,12.2385,3.15437,4.55615,1.72916,2.87597,5.80206
568.836,2.00489,4.00341,0.85765,12.2081,3.22152,4.64545,1.59812,2.56815,5.38419
571.878,2.00455,4.01234,0.849115,12.2651,3.15006,4.84114,1.71395,3.12359,5.72527
574.905,2.00379,3.99496,0.860786,12.2537,3.07734,4.54926,1.50117,2.93218,4.7454
577.931,2.00598,3.98662,0.859107,12.3238,3.12987,5.45139,1.73289,2.73626,4.98438
580.957,2.00536,3.99805,0.847812,12.2642,3.09179,5.32072,1.32551,3.22928,4.89969
583.984,2.00409,3.99359,0.855364,12.2117,3.14994,5.15547,1.26949,3.02109,4.65467
587.01,2.00488,3.99014,0.853113,12.2441,3.13119,4.70562,1.59963,3.35616,4.84148
590.036,2.00595,4.00674,0.850998,12.2451,3.20143,4.89104,1.59888,2.99073,4.95343
593.063,2.00588,3.98961,0.850005,12.2104,3.07998,5.40898,1.26881,2.66607,5.61213
596.089,2.00697,3.99827,0.854865,12.1903,3.10975,5.45919,1.65645,3.48407,4.86655
599.115,2.00341,3.98577,0.853693,12.2069,3.12484,4.91362,1.68639,3.12576,5.23228
602.142,2.00391,4.01307,0.848522,12.1868,3.08682,5.06417,1.53801,3.0599,4.72073
605.168,2.00739,3.99508,0.847664,12.274,3.13538,4.74107,1.38228,2.74973,5.01301
608.195,2.00696,3.99175,0.847671,12.2586,3.22458,5.28294,1.26648,3.2798,5.72405
611.221,2.00319,4.00271,0.852148,12.2806,3.16681,5.39387,1.71124,3.23939,5.49379
614.247,2.00682,4.00037,0.858584,12.285,3.21288,4.56871,1.34983,3.39695,5.07118
617.274,2.00723,3.99504,0.850262,12.1905,3.19249,4.98199,1.34739,3.17235,4.71564
635.308,2.0046,3.9906,0.86179,12.198,3.2225,5.1713,1.56784,2.75791,5.13812
638.333,2.00579,4.00579,0.85603,12.1897,3.10528,4.93736,1.53829,3.20095,4.87127
641.359,2.00649,3.99309,0.857308,12.1782,3.22309,5.3319,1.25072,3.48541,5.51687
644.386,2.00541,3.99616,0.857997,12.2314,3.19658,5.35922,1.65696,2.78882,5.81249
647.413,2.00456,3.98538,0.850432,12.2057,3.12883,4.73201,1.72703,3.07757,5.56415
650.439,2.00471,3.98511,0.853525,12.2748,3.18709,5.26943,1.33912,2.92545,5.69067
653.465,2.00306,4.01036,0.854311,12.2416,3.18093,4.81592,1.69199,2.56213,5.56985
656.491,2.00735,4.00726,0.85688,12.3085,3.16031,5.38534,1.51525,3.05119,5.53093
659.518,2.00391,4.00771,0.858709,12.3149,3.15034,5.29002,1.45489,2.80387,4.65359
662.544,2.00384,4.01145,0.85255,12.1941,3.11901,5.13345,1.45109,2.55694,5.10066
665.57,2.00507,4.01216,0.858904,12.2557,3.20324,4.58608,1.74731,2.62518,4.95955
668.597,2.00682,4.00302,0.858406,12.2542,3.08714,5.00356,1.60341,2.63061,4.95809
671.623,2.00566,3.99555,0.859069,12.2615,3.21885,5.28984,1.7291,2.56791,5.22477
674.649,2.00608,3.99483,0.855087,12.2675,3.12024,5.00581,1.4828,2.68118,5.77076
677.676,2.00331,3.99332,0.86088,12.1995,3.17084,4.6803,1.65566,2.91626,5.13065
680.702,2.00355,3.99316,0.85829,12.2675,3.11311,4.81691,1.41212,2.71136,4.89401
683.728,2.00623,3.99297,0.861012,12.2012,3.12771,4.8081,1.64879,3.03634,5.62931
686.755,2.00278,4.00953,0.857809,12.1809,3.11989,5.49204,1.40221,3.49564,5.40069
689.781,2.00622,4.00911,0.850999,12.1915,3.10195,5.27024,1.35565,2.71908,4.9304
692.808,2.00448,4.00181,0.84807,12.2781,3.18334,4.50442,1.5212,2.74869,5.39027
695.834,2.00597,3.98983,0.861657,12.3187,3.09533,5.08318,1.39625,2.65708,4.92183
698.86,2.00735,3.98624,0.858422,12.1958,3.14052,4.5823,1.37018,3.44458,5.67939
701.887,2.00406,3.99182,0.850616,12.2095,3.10915,5.2857,1.39879,3.47193,5.10769
704.913,2.0049,4.00971,0.852499,12.2304,3.14079,4.53155,1.26699,2.96694,4.69746
707.939,2.00685,4.01166,0.848185,12.2979,3.1111,4.72112,1.73757,3.23242,4.69308
710.966,2.00657,3.99505,0.854171,12.2335,3.08918,5.14645,1.49715,3.08852,4.93449
713.992,2.0037,3.98746,0.861108,12.232,3.11236,4.56872,1.71072,3.13765,5.56013
717.018,2.00471,3.99751,0.858502,12.2206,3.18733,5.33297,1.47788,3.4962,5.15983
720.045,2.00282,4.00819,0.849267,12.2676,3.12377,4.50223,1.35213,2.75601,5.35803
723.071,2.00545,3.99627,0.847931,12.2863,3.21421,4.57721,1.61363,2.50766,5.14672
726.098,2.00509,4.01411,0.851977,12.2724,3.16624,4.59683,1.46728,2.59679,5.03663
729.124,2.00531,4.01255,0.859871,12.2107,3.19882,4.895,1.30939,3.28716,5.25219
732.15,2.00296,4.01436,0.854582,12.2796,3.17977,5.05386,1.64836,3.22172,4.63223
735.177,2.00265,3.99715,0.848844,12.3119,3.12596,4.88798,1.31425,3.29404,5.81247
738.203,2.00453,3.98874,0.861297,12.2677,3.18482,4.69958,1.55089,3.0598,5.44044
741.229,2.00351,3.99937,0.860831,12.2103,3.19167,4.51496,1.26732,2.64924,4.97282
744.256,2.00456,4.0073,0.854879,12.2104,3.16643,5.40619,1.49861,2.89432,4.96124
747.282,2.00401,3.99941,0.850123,12.323,3.15664,4.81975,1.34491,2.68506,4.63433
750.308,2.00482,4.01303,0.857873,12.289,3.1392,5.04443,1.34736,2.77382,4.61466
753.335,2.00678,4.00039,0.862072,12.195,3.14627,4.50018,1.73118,3.33025,5.50609
756.361,2.00396,4.00569,0.851243,12.219,3.19577,4.96597,1.50032,3.08532,5.12302
759.388,2.00729,3.9859,0.849029,12.227,3.18944,5.3757,1.54771,2.82079,5.36152
762.414,2.00671,4.00536,0.862346,12.2504,3.21199,4.69345,1.60467,2.91488,5.81617
765.44,2.0075,4.00964,0.856132,12.3042,3.11915,4.90765,1.28001,3.01333,4.68244
768.467,2.00513,3.9961,0.849022,12.2784,3.12549,5.45007,1.4475,3.11031,5.59143
771.493,2.00469,4.01188,0.851095,12.3133,3.1793,5.47178,1.4788,2.69581,5.21412
774.519,2.00476,4.01321,0.852092,12.2213,3.18172,4.68835,1.48978,3.37871,4.64781
777.546,2.00575,3.98978,0.849288,12.2798,3.19777,5.30222,1.52083,3.28971,4.6326
780.572,2.00596,3.99755,0.855574,12.2035,3.19736,4.87889,1.59538,3.25983,4.81051
783.599,2.00332,3.99581,0.854927,12.2537,3.22126,5.07529,1.71919,2.70014,4.72223
786.625,2.00302,4.01291,0.853213,12.2459,3.22442,5.45921,1.53087,3.39225,5.17877
789.651,2.00661,3.98742,0.855904,12.2863,3.18439,4.89807,1.29135,2.94741,5.28047
792.677,2.00551,4.00406,0.857473,12.1801,3.12217,5.15112,1.68775,2.76891,5.4935
795.704,2.00414,4.00124,0.855454,12.2667,3.18125,5.13792,1.66493,2.53781,5.21746
798.73,2.00457,3.99822,0.856396,12.2459,3.16725,5.07984,1.47236,3.16148,5.39652
801.757,2.00521,3.99677,0.848013,12.2495,3.13325,5.35287,1.37844,2.62879,5.24955
804.783,2.00356,3.99285,0.849564,12.1965,3.09715,4.51764,1.39041,2.77073,5.06668
807.809,2.0066,3.99528,0.859892,12.2572,3.20466,4.60657,1.25901,3.0561,5.38468
810.836,2.00455,3.99216,0.857152,12.2465,3.11812,4.67004,1.62492,3.01965,5.20619
813.862,2.00603,3.99785,0.847585,12.2139,3.19851,5.10276,1.56067,3.27755,5.31909
816.888,2.0063,4.00675,0.847629,12.2424,3.19065,5.34799,1.58589,2.88439,4.9314
819.915,2.00487,4.00716,0.849198,12.2777,3.21949,4.59959,1.72389,3.41845,5.56847
822.941,2.00333,4.00416,0.851669,12.2499,3.13035,4.90977,1.42717,2.62913,5.22845
825.967,2.00339,3.98582,0.852246,12.2965,3.21059,4.93072,1.38479,2.50049,5.69625
828.994,2.00618,4.0104,0.8616,12.3162,3.16585,4.85043,1.71453,2.66171,5.51048
832.02,2.00284,3.99884,0.848706,12.2905,3.13088,5.40391,1.69098,2.75341,4.88641
835.046,2.00624,3.9894,0.859496,12.2387,3.2148,5.48735,1.40666,3.10941,4.77969
838.073,2.00407,3.99995,0.851429,12.3077,3.0758,4.61762,1.42995,3.05306,4.88246
841.099,2.00264,3.9986,0.853769,12.2004,3.13065,5.32183,1.63938,3.36039,4.83786
844.126,2.00593,3.99444,0.860961,12.3247,3.16472,4.59366,1.71043,2.74232,5.51298
847.152,2.00254,3.9998,0.856409,12.2828,3.1089,4.86195,1.57957,3.34623,5.03386
850.179,2.00698,4.00432,0.856625,12.239,3.21837,4.99855,1.47302,2.55646,4.80531
853.204,2.00647,3.98852,0.860245,12.2305,3.11364,5.38648,1.27695,3.26818,5.40237
856.231,2.00735,4.00787,0.851034,12.2065,3.20303,4.53449,1.45516,2.70948,4.79792
859.258,2.0069,4.01346,0.859059,12.2334,3.22019,4.71052,1.74866,3.38959,5.26891
862.284,2.00537,3.98863,0.858133,12.3218,3.17003,4.62589,1.33737,3.30125,5.36928
865.31,2.00253,3.99576,0.857097,12.2552,3.19555,5.02737,1.60148,3.40472,5.27401
868.337,2.0033,3.98893,0.859498,12.2231,3.16543,5.48865,1.53107,2.55596,5.70816
871.363,2.00483,4.00963,0.848226,12.2704,3.14593,4.71561,1.49849,2.87766,4.6606
874.389,2.00496,3.99766,0.852216,12.1791,3.1518,4.62794,1.49663,3.25564,4.92573
877.416,2.00377,3.99108,0.85238,12.2759,3.0996,5.00631,1.52837,3.23313,5.76981
881.894,2.00517,3.99798,0.847613,12.1881,3.14632,5.44391,1.6433,2.56361,5.18375
887.301,2.00388,4.00343,0.856806,12.2063,3.17218,5.49235,1.505,2.81698,4.83321
890.332,2.00561,3.98635,0.852915,12.1765,3.14034,5.27661,1.40738,2.96138,4.89723
893.359,2.00409,4.01052,0.847746,12.2361,3.07795,5.3741,1.72587,2.72582,5.50224
896.385,2.00674,3.98737,0.860647,12.2252,3.20054,5.28351,1.44732,3.24531,4.60855
899.411,2.00473,3.99744,0.861473,12.3222,3.22068,4.51461,1.59541,2.74683,4.75469
902.437,2.00651,4.01489,0.856297,12.2356,3.08614,4.72845,1.51049,3.44404,5.64409
905.464,2.00514,3.99604,0.856255,12.2799,3.21514,4.76198,1.48744,3.01196,5.8215
908.49,2.00271,3.99118,0.860436,12.2907,3.12473,5.48419,1.39287,2.80759,5.2078
911.517,2.00511,4.00159,0.852216,12.3005,3.10995,5.01731,1.49809,2.70298,4.81366
914.543,2.00444,4.00972,0.856538,12.1813,3.16291,4.97904,1.6881,3.05869,4.79921
917.57,2.0056,3.99882,0.856474,12.1909,3.07567,5.37082,1.68005,3.21744,4.81631
920.596,2.00489,3.99913,0.861876,12.2358,3.09215,4.75816,1.63399,3.09837,4.64244
923.622,2.0067,3.99457,0.861271,12.2502,3.14389,5.49298,1.4552,2.50341,5.03731
926.649,2.00309,3.98952,0.851153,12.2705,3.16174,5.13334,1.61727,2.85436,5.34368
929.675,2.00668,3.9997,0.860533,12.1871,3.18608,4.61692,1.47766,2.61485,5.36869
932.701,2.00421,4.01285,0.850251,12.1982,3.18019,5.06733,1.5016,3.02223,5.20556
935.728,2.00599,3.98545,0.857558,12.2173,3.20641,4.75155,1.74873,2.81387,5.36082
938.754,2.00652,4.00213,0.861801,12.2577,3.19022,4.71764,1.45065,2.92483,4.89339
956.789,2.00393,4.00672,0.855104,12.3214,3.09411,4.67862,1.74111,3.45924,5.60309
959.813,2.00524,4.01278,0.857585,12.2918,3.19505,5.3747,1.54432,2.60852,4.9814
962.84,2.00532,4.00053,0.860377,12.2897,3.11292,4.60526,1.55504,2.83348,5.79194
965.866,2.00354,4.00905,0.858152,12.2961,3.21567,4.56647,1.32769,3.3763,4.65139
968.892,2.00353,4.01157,0.858034,12.2258,3.10422,4.62966,1.57756,2.58929,4.71143
971.919,2.00315,4.00987,0.848671,12.2824,3.11288,5.09785,1.72347,2.97088,5.3077
974.945,2.00597,3.99757,0.858186,12.2677,3.18015,5.28385,1.39302,3.21671,5.41505
977.972,2.00494,3.99505,0.847752,12.2122,3.20848,4.75015,1.67124,3.16278,5.16573
980.998,2.00518,4.00157,0.859664,12.2865,3.11749,4.5347,1.70478,2.75558,4.85586
984.024,2.00382,4.0039,0.848826,12.2164,3.1845,5.21763,1.38677,3.38556,5.121
987.051,2.00639,3.99999,0.861991,12.1869,3.2055,4.50824,1.68368,2.50092,5.10889
990.077,2.00256,3.99853,0.85845,12.2672,3.08843,5.38499,1.35641,3.48445,5.55552
993.104,2.00443,3.99295,0.857276,12.1875,3.13416,5.22156,1.31941,2.87839,4.88763
996.13,2.00531,4.00116,0.853908,12.2007,3.22363,5.14692,1.66662,3.06253,5.38272
999.156,2.0073,4.00012,0.853847,12.2667,3.11378,4.83443,1.70734,2.98359,5.37361
1002.18,2.00535,3.99002,0.847724,12.301,3.21501,4.58025,1.3804,3.36737,5.40288
1005.21,2.00539,4.0106,0.86049,12.2243,3.21716,5.1545,1.52765,3.34998,4.73886
1008.24,2.00276,4.01028,0.854696,12.2799,3.17563,4.96015,1.64981,3.1208,5.16319
1011.26,2.00523,4.00877,0.862159,12.2888,3.19953,5.34435,1.67265,2.61635,5.78182
1014.29,2.00707,4.00952,0.858535,12.179,3.10406,4.72875,1.58588,3.1713,5.41038
1017.31,2.00368,3.99005,0.860136,12.2712,3.15081,4.74175,1.54572,3.39143,4.71357
1020.34,2.00313,3.98768,0.858505,12.1862,3.17038,4.88755,1.53332,2.74003,5.21982
1023.37,2.00487,4.01353,0.859113,12.3249,3.20963,4.60333,1.64304,3.33155,5.80286
1026.39,2.00579,4.00848,0.852907,12.1829,3.11172,4.87172,1.41534,2.6366,5.52593
1029.42,2.00305,3.998,0.848302,12.274,3.20054,5.32861,1.48486,2.70554,4.97786
1032.45,2.00333,3.99525,0.850607,12.3003,3.16487,5.13515,1.36858,2.67635,5.68366
1035.47,2.00542,3.98955,0.857512,12.1977,3.17077,4.69953,1.5456,2.78557,5.27308
1038.5,2.00529,3.98783,0.852062,12.2082,3.15132,5.00349,1.55856,3.04139,5.62268
1041.52,2.00316,3.99983,0.852684,12.3065,3.1195,5.42085,1.42379,3.22761,5.77811
1044.55,2.00547,3.99592,0.861981,12.1995,3.13976,4.68915,1.40516,2.56058,4.70561
1047.58,2.0072,3.9971,0.84752,12.1854,3.11331,4.54122,1.58171,2.98715,5.12754
1050.6,2.00677,4.00102,0.854722,12.2948,3.16357,4.96892,1.36964,3.18808,5.27538
1053.63,2.00262,3.9927,0.847759,12.2151,3.1596,5.08558,1.32015,2.77455,5.46315
1056.66,2.00527,3.99697,0.850387,12.2468,3.19446,5.09169,1.34175,3.21874,4.73938
1059.68,2.00707,3.98882,0.850221,12.178,3.16409,4.51794,1.65529,3.44806,4.95126
1062.71,2.00667,3.99767,0.857826,12.2714,3.16127,4.54891,1.56814,3.42381,5.56067
1065.74,2.00736,3.99774,0.859832,12.2095,3.17777,4.53081,1.52896,2.81137,4.78752
1068.76,2.00316,3.98754,0.849211,12.2495,3.16975,4.57511,1.61818,3.45408,5.40966
1071.79,2.00346,4.00419,0.847881,12.2448,3.07975,5.48727,1.27319,2.53656,5.7973
1074.82,2.0048,4.00996,0.848044,12.2356,3.09424,5.23355,1.69852,3.47067,5.52719
1077.84,2.00522,3.99414,0.85531,12.302,3.20512,4.555,1.42607,3.06907,5.10761
1080.87,2.00444,4.0024,0.85369,12.2233,3.14576,5.0437,1.52823,3.1392,4.98646
1083.89,2.0047,4.01362,0.856061,12.2199,3.1468,5.18047,1.45236,3.17515,4.88741
1086.92,2.0075,4.01254,0.85324,12.3148,3.17448,5.15336,1.41417,2.84008,5.31863
1089.95,2.00295,4.01044,0.852345,12.1842,3.20082,5.22876,1.39376,2.62086,4.72762
1092.97,2.0048,4.01013,0.862162,12.18,3.07619,4.68378,1.42531,2.67882,5.36508
1096,2.0042,3.99553,0.856605,12.1752,3.11404,4.83671,1.73398,2.62959,4.70728
1099.03,2.00439,4.00692,0.862222,12.2442,3.16304,4.87564,1.73005,2.81771,4.74791
1102.05,2.00496,3.99471,0.858222,12.1815,3.11501,4.65119,1.65854,3.22187,5.00637
1105.08,2.0034,4.00443,0.861326,12.1794,3.14955,5.1927,1.49845,2.70289,4.77972
1108.1,2.00623,3.98762,0.857849,12.312,3.12366,4.85329,1.49997,3.08627,5.08435
1111.13,2.00386,3.99325,0.854417,12.3041,3.18574,4.94616,1.38923,2.95923,5.57123
1114.16,2.00326,3.99619,0.855253,12.1827,3.12367,4.80014,1.37457,3.45544,5.00927
1117.18,2.00257,4.00083,0.850684,12.2365,3.11765,4.96585,1.2575,2.96307,4.99502
1120.21,2.00423,4.01048,0.861595,12.2934,3.08704,5.03261,1.74674,3.01353,5.52249
1123.24,2.00679,4.01485,0.855429,12.2967,3.08304,4.52993,1.54989,3.12739,5.50242
1126.26,2.00626,3.99475,0.858544,12.1902,3.19236,4.80684,1.66427,3.16574,5.66367
1129.29,2.00444,3.99684,0.847635,12.3226,3.19026,4.9446,1.55165,3.11231,4.71097
1132.32,2.0051,3.99098,0.861655,12.3024,3.14045,4.85776,1.7057,2.87825,4.68861
1135.34,2.00495,4.00087,0.848548,12.3236,3.22309,4.84009,1.40409,3.27866,5.03411
1138.37,2.00494,4.00091,0.854706,12.3081,3.12332,5.39593,1.64248,3.0284,5.33621
1141.39,2.0038,3.98967,0.862243,12.2975,3.21067,4.95306,1.41291,3.2393,5.32099
1144.42,2.00291,3.99852,0.8512,12.2468,3.11006,5.42324,1.42098,3.27348,5.28182
1147.45,2.00708,3.99323,0.851728,12.3074,3.16297,5.25978,1.41878,2.78811,4.93728
1150.47,2.00503,3.99216,0.856378,12.2037,3.09331,5.18796,1.50696,2.5114,5.76691
1153.5,2.00607,4.00182,0.850802,12.2532,3.07968,4.65199,1.50544,2.96287,4.75251
1156.53,2.00383,3.99015,0.859283,12.2718,3.08152,4.64351,1.58061,2.51698,5.12891
1159.55,2.0031,3.99335,0.857441,12.2118,3.12096,4.98183,1.72217,3.04022,5.74705
1162.58,2.00378,3.99615,0.858768,12.2557,3.16374,4.83268,1.4936,3.19955,5.25465
1165.61,2.00314,3.98696,0.857281,12.2671,3.10005,4.8314,1.70819,2.75564,5.65127
1168.63,2.00356,3.99397,0.857861,12.1868,3.13662,5.32959,1.31199,3.39102,5.55366
1171.66,2.00603,3.99958,0.858477,12.3183,3.1204,5.38442,1.62088,2.54903,5.22697
1174.69,2.00738,3.99946,0.853623,12.291,3.17051,5.33525,1.6319,2.54406,4.74478
1177.71,2.00316,4.00768,0.854116,12.3234,3.17514,4.6413,1.5694,2.93836,5.04187
1180.74,2.00425,4.00274,0.848094,12.2908,3.12641,5.11317,1.73952,3.15433,5.38284
1183.76,2.0036,4.01199,0.852662,12.2732,3.15282,4.53229,1.72847,2.6211,5.06435
1186.79,2.00444,3.99338,0.858444,12.1793,3.08378,5.13286,1.56967,2.99852,4.90493
1189.82,2.00305,3.99192,0.850199,12.291,3.10414,4.63565,1.74499,3.28183,5.55666
1192.84,2.00403,3.99731,0.852556,12.2224,3.14648,5.0875,1.74729,2.64987,4.98841
1195.87,2.00729,3.99831,0.851469,12.1855,3.11512,4.727,1.35447,2.78032,5.7588
1198.9,2.00394,4.00756,0.861144,12.2485,3.20224,5.18776,1.30567,3.27344,5.74814
1201.92,2.00641,4.00917,0.851912,12.1845,3.09323,5.0335,1.45571,3.37199,5.71234
1204.95,2.00467,4.01037,0.850792,12.3045,3.19317,4.85153,1.48192,3.48097,5.80089
1207.97,2.0074,3.99815,0.8624,12.2599,3.07883,5.04202,1.72078,2.82363,4.6167
1211,2.00338,4.00319,0.859016,12.2644,3.21752,5.4262,1.37959,3.29174,4.85541
1214.03,2.0064,3.9968,0.855072,12.2564,3.1954,4.60268,1.69318,2.8331,5.2882
1217.05,2.00519,3.98637,0.857845,12.2039,3.17631,4.87657,1.55354,3.21758,4.95559
1220.08,2.00321,3.98785,0.853574,12.2657,3.10208,4.91833,1.73229,2.91074,4.68205
1223.11,2.00385,4.01078,0.858271,12.2788,3.08759,4.95415,1.45637,2.55903,4.67407
1226.13,2.00721,3.99234,0.861474,12.23,3.11645,5.34485,1.42056,3.37369,5.37486
1229.16,2.00541,3.9921,0.850199,12.2938,3.11891,4.54785,1.32429,2.73113,5.17921
1232.19,2.00691,4.00323,0.851855,12.2218,3.11491,4.57959,1.26861,2.66842,5.19681
1235.21,2.0043,3.98599,0.858734,12.1794,3.08315,4.55893,1.47956,3.2094,5.76857
1238.24,2.00351,3.98692,0.848537,12.1823,3.15284,4.67686,1.64202,3.37162,5.29347
1241.26,2.00387,3.99615,0.851635,12.1819,3.22124,4.51144,1.30416,3.11785,4.79165
1244.29,2.00529,4.00636,0.848615,12.2656,3.14501,5.3772,1.65986,2.94901,5.3756
1247.32,2.00712,3.98641,0.847513,12.2056,3.14864,4.96607,1.37633,2.70843,5.73942
1250.34,2.00595,4.00694,0.853176,12.205,3.09009,4.5196,1.47401,3.16184,4.69805
1253.37,2.00344,3.99977,0.859592,12.304,3.2047,4.53636,1.57699,2.90761,5.72404
1256.4,2.00387,4.00343,0.860062,12.3115,3.08022,5.22013,1.2766,2.89539,4.65019
